bp	count	normalized	reference
70	97785	0.007067567127071004	0.001799367126501953
42	158157	0.0114310498963662	0.0017611524709314483
72	98108	0.007090912468197394	0.0018425553529196014
64	112331	0.008118902520335564	0.002007235889262192
39	144683	0.010457195016066003	0.0015441531079519995
38	141955	0.010260024456955202	0.0015043343835954297
105	71590	0.005174281644700242	0.0019634696663934303
80	85843	0.006204439994775848	0.0016842059072789204
56	132510	0.009577371989652594	0.0024094791128698536
154	78028	0.0056395983820739	0.01269346210295398
162	85795	0.00620097071807595	0.017179656594902754
175	58162	0.004203751487904114	0.013271639070763275
97	73600	0.005319557606508421	0.0016948543913534284
108	67308	0.0048647932524302825	0.0018447582854866174
145	88737	0.006413608469140459	0.011145053060203561
176	54132	0.003912476798308612	0.012875517549924565
142	80233	0.005798968280475409	0.008729761681339399
191	16159	0.0011679175457006735	0.004089348903350089
85	86627	0.006261104847540828	0.0017955778480865422
122	59700	0.00431491289549664	0.002517518712614738
69	97373	0.007037789168730223	0.0018190244370626467
44	139055	0.010050422323003105	0.0016639347256110228
187	22611	0.0016342461554451346	0.005458727404394848
43	149025	0.010771020004210834	0.0017083165347099888
86	81760	0.0059093346454908765	0.0015992520060454866
179	43039	0.0031107124976428794	0.010131794980895238
152	76348	0.005518173697577513	0.01178984969315344
45	136781	0.009886065339345494	0.001679941682719333
94	83840	0.0060596699691530705	0.0020472960171810596
81	86577	0.006257491017645103	0.0017343300911099307
41	158852	0.011481282131916789	0.001710407984281983
55	137937	0.009969617086534675	0.0024387070956262604
155	83577	0.006040661223901553	0.013202998133166796
137	76008	0.005493599654286577	0.007149275407748265
73	99115	0.007163695002297312	0.0018783176684534577
111	63327	0.004577060116132592	0.0019237905816344714
151	76129	0.005502345122634233	0.011337223302141717
133	63785	0.00461016279797744	0.00450815778538342
92	77704	0.005616180764349597	0.001747204233131209
354	635	4.5895639675718035e-05	0.00046120500747865736
36	142371	0.01029009152168764	0.0014743897652787156
146	86780	0.00627216316702175	0.011057616661354056
321	1048	7.574587461441338e-05	0.0006171578545802009
58	124764	0.009017517462206748	0.0023771527604133386
118	57737	0.004173033933790444	0.0019090396662700744
100	70842	0.005120218749460184	0.001761781349364905
74	96753	0.0069929776780232236	0.0018156465023134835
46	140462	0.01015211549626883	0.0017383063179323784
167	92626	0.006694692158430013	0.02063224993363621
65	107049	0.007737137530151086	0.0019105544057332054
53	158272	0.011439361705126369	0.002561330529169925
60	123745	0.008943867608931856	0.002319703143320973
164	90195	0.006518987748899824	0.019233741926480648
169	85997	0.006215570590854683	0.018824648072828888
166	95072	0.006871480716928921	0.020663323388740978
93	82412	0.005956458987331141	0.0019098364838306477
102	73450	0.005308716116821243	0.0019067266799772035
87	76995	0.005564936656428205	0.001497306381247716
57	127682	0.009228420574921308	0.0023914433081790617
131	57899	0.004184742742652596	0.0034299560019596773
82	89725	0.006485017747880001	0.0018517002458304805
37	140687	0.010168377730799595	0.001485015523973469
66	102109	0.007380091136453375	0.001858725961347527
62	119668	0.008649195919234371	0.002198585444844687
40	153581	0.011100312184309373	0.001625724786628769
130	58591	0.004234758148409442	0.003062901099388426
174	59650	0.004311299065600915	0.013617094000122117
48	148468	0.010730761939172448	0.00196674312156649
182	31684	0.0022900117283235436	0.007487625011297462
150	77267	0.005584595891060953	0.01101011704449431
75	91129	0.006586494091351982	0.0017111594940099637
172	65539	0.0047369359507195025	0.014903925346283667
71	96376	0.0069657294006094505	0.0018019049368347849
114	64786	0.004682511672489871	0.002157347313278422
77	85856	0.006205379590548736	0.0015993822124665956
165	92636	0.006695414924409159	0.02015660216122555
138	73379	0.005303584478369313	0.006921896406224611
140	70551	0.00509918625946706	0.006874006313028456
139	68332	0.004938804488694748	0.006637384513655986
52	160866	0.011626847200116626	0.0024951053423194194
158	79782	0.0057663715348159625	0.014170916507180463
127	65513	0.004735056759173725	0.003552271427997865
47	143001	0.010335625778373787	0.0018419469130352317
88	75264	0.0054398258654381765	0.0014724512475075848
50	157795	0.011404885767921145	0.0022367662267359354
116	61948	0.004477390687608474	0.0020405129915685607
157	80818	0.005841250090255401	0.01388974638885108
147	82963	0.005996283392782039	0.010893154660267091
124	67875	0.004905774083447814	0.0034322378301847086
132	62468	0.004514974518524022	0.003938230416278828
59	123974	0.00896041894985428	0.0023517913795342744
51	160374	0.011591287113942684	0.002364366804299661
159	80769	0.00583770853695759	0.014676742154635884
104	72266	0.005223140624890456	0.0019788517470219515
54	147226	0.010640994404562619	0.002504028126801755
35	144247	0.010425682419375274	0.0014776522150791896
344	757	5.471338462128906e-05	0.0005168213010105796
128	59535	0.004302987256840745	0.003043953278042205
61	121349	0.008770692880328673	0.0022587755426377574
163	85718	0.006195405420036533	0.018180298372347515
95	84854	0.00613295843943839	0.002038709682660623
119	58778	0.004248273872219456	0.0019685051245955025
183	29426	0.002126811170232565	0.00690884074701913
188	21080	0.0015235906840380096	0.005145892685233246
83	93673	0.006770365756446513	0.0020275296533829278
67	101534	0.007338532092652527	0.0018383688806026957
185	24469	0.0017685360743703064	0.006060562921797707
126	67399	0.004871370422840504	0.003985093579578531
204	7199	0.000520319228386605	0.0017518121969254472
76	89283	0.006453071491601785	0.0016421776757171668
258	1150	8.311808760169407e-05	0.00020134343437854094
120	58939	0.0042599104044836935	0.0021004219521164927
49	152783	0.011042635459173588	0.0021005112814394267
121	57902	0.00418495957244634	0.0022855414663271807
68	99510	0.007192244258473546	0.0018269437316628687
199	9583	0.0006926266378148125	0.0024392575071824516
90	74569	0.005389593629887587	0.0015874355232077494
84	92926	0.006716375137804369	0.002004516704672075
134	69425	0.005017802810215314	0.005198637291154938
186	23305	0.001684406114397809	0.005752916878492873
148	81370	0.005881146772304215	0.010845359041762872
180	39484	0.002853769192056773	0.00911265360091501
149	79346	0.0057348589381252335	0.010877083957753936
79	83778	0.0060551888200823705	0.0016426975009131855
135	74754	0.005402964800501773	0.0060504032477782955
78	85112	0.0061516058017003356	0.001603955873800827
463	428	3.09343839074131e-05	4.519263349737518e-05
170	79965	0.005779598152234319	0.017470945510153376
109	64976	0.0046962442260936295	0.0018502662600752822
224	2825	0.00020418138910850936	0.000530993219435446
129	56438	0.004079146633099487	0.0028234855075753252
63	115527	0.008349898527270357	0.0021164779331572293
208	6012	0.0004345269066620737	0.0013809068432184403
141	75163	0.005432525929048811	0.007675362946621998
156	83517	0.006036324628026682	0.013639640435376878
89	74727	0.005401013332358081	0.0015029812944750806
91	76875	0.005556263464678463	0.0016512568222463663
101	71336	0.005155923388829955	0.0018419137539905587
168	89974	0.006503014620760716	0.019972148972300492
110	64184	0.0046390011605453325	0.0018778838852612893
112	65357	0.004723781609899061	0.0019777303424335646
136	78651	0.005684626702574644	0.006845863860204346
106	70231	0.005076057748134415	0.0019275306931905393
96	78548	0.005677182212989449	0.0018613901190747168
181	34368	0.002484002117126106	0.008208818653905176
189	19841	0.0014340399792219236	0.0048044684378521114
195	12706	0.0009183464531018478	0.0030476013446639216
33	7577	0.0005476397823982921	0.00022794885114051588
98	72381	0.005231452433650625	0.0016458104491587967
173	62900	0.004546198008823094	0.0140959121773989
421	474	3.4259107411480865e-05	5.659791559578168e-05
123	63080	0.004559207796447706	0.002882306937214127
201	8290	0.0005991729967113425	0.002145895865785923
193	14260	0.0010306642862610066	0.0034924915304557083
160	81561	0.005894951602505888	0.015405135454818263
117	58214	0.004207509870995669	0.0019312289271600155
429	495	3.577691596768571e-05	4.8536980421115296e-05
143	84921	0.006137800971498663	0.009878794328577219
99	71690	0.005181509304491694	0.0016824476203497417
440	441	3.187397968030181e-05	4.413483138691744e-05
107	68449	0.004947260850650746	0.0018740661643894562
264	1283	9.273087512432479e-05	0.00020044785431853174
115	65193	0.00471192824784108	0.002149187758531236
177	52362	0.0037845472199999177	0.012192675915654299
144	90038	0.006507640323027245	0.010790603025342536
203	7229	0.0005224875263240404	0.0018703296260063058
171	74179	0.005361405756700926	0.016113208120619567
246	1510	0.00010913766285092005	0.00024059902668333353
161	84764	0.006126453545626084	0.01624995116133659
474	313	2.2622575147243692e-05	4.528382087022642e-05
153	78773	0.005693444447520215	0.012247801969861959
219	3147	0.0002274544536369837	0.0006966152153783052
178	47911	0.0034628440826824044	0.011209053303741879
113	65145	0.0047084589711411835	0.0020616684620700485
396	518	3.7439277719719595e-05	0.0001365107844773921
125	69947	0.005055531194326692	0.003931602466370944
211	4786	0.0003459157976188764	0.0011503478607252451
212	4423	0.00031967939257590685	0.0010770142036729267
205	6505	0.0004701592694339304	0.001643901946040172
202	7905	0.0005713465065142536	0.0020012276704650957
26	2153	0.0001556115153099542	9.204164703232565e-05
315	1150	8.311808760169407e-05	0.000624416398044543
381	537	3.881253308009541e-05	0.0002418807952722519
236	1799	0.00013002559964821534	0.00030468531222550247
190	18276	0.0013209271034857052	0.004440611096261155
311	1015	7.336074688323434e-05	0.0006618736838834825
231	2221	0.00016052632396814135	0.00037422454549340895
300	1160	8.384085358083924e-05	0.0005254256443225193
328	889	6.425389554600524e-05	0.0005884569862925644
103	73469	0.005310089372181619	0.001955763761679834
314	1058	7.646864059355855e-05	0.0006312610251581372
196	11940	0.000862982579099328	0.0028731184515936557
200	8663	0.0006261321677334572	0.002294983218444035
470	329	2.3779000713875957e-05	4.470210831927885e-05
197	11104	0.0008025593432427922	0.0027220944392143303
210	5324	0.0003848006072968863	0.0012267763143047545
198	10288	0.0007435816393445467	0.0025814617853863785
408	469	3.389772442190828e-05	8.568068460482645e-05
359	624	4.510059709865835e-05	0.000429824545356828
216	3698	0.00026727885908788235	0.0008313322670511783
275	1167	8.434678976624086e-05	0.0002441257483527761
290	1104	7.979336409762632e-05	0.0003517155570908219
207	5906	0.00042686558728313495	0.001461865508349506
239	1789	0.00012930283366907017	0.0002651011309392287
249	1450	0.00010480106697604906	0.00021392657719742877
209	5339	0.0003858847562656041	0.0013028040008098518
413	494	3.570463936977119e-05	7.15726545117225e-05
462	440	3.1801703082387296e-05	4.492621772465619e-05
184	27533	0.0019899915703803853	0.006435314724686803
383	546	3.946302246132606e-05	0.00022582081227784796
243	1502	0.00010855945006760391	0.00025652723106054493
30	5161	0.0003730195218368201	0.0001792476476921183
336	835	6.035095925862135e-05	0.0005606302590274331
312	1107	8.001019389136987e-05	0.0006594727975368443
34	9099	0.0006576447644241865	0.00024975020837854735
313	1148	8.297353440586504e-05	0.0006456956432558886
368	584	4.220953318207769e-05	0.0003569105217319254
414	554	4.004123524464219e-05	6.986996615313812e-05
461	443	3.2018532876130846e-05	4.5276388670558294e-05
27	2552	0.00018444987787784634	0.00011744733525556497
303	1218	8.80328962598812e-05	0.0005451987256857359
263	1347	9.735657739085385e-05	0.0001941121899552875
372	539	3.895708627592444e-05	0.00032233249862980145
218	3257	0.00023540487940758054	0.0007386627420738127
270	1024	7.401123626446499e-05	0.00020405175652298948
370	565	4.0836277821701876e-05	0.0003404041779766838
379	587	4.242636297582124e-05	0.0002581730345062848
322	990	7.155383193537142e-05	0.0006148957502696733
242	1524	0.00011014953522172328	0.000255395535734156
223	2834	0.00020483187848974	0.0005620438062335439
446	503	3.6355128751001844e-05	4.446070475698144e-05
340	677	4.893125678812773e-05	0.0005385662021165166
356	549	3.967985225506961e-05	0.0004496462218717207
194	13356	0.0009653262417462835	0.003251829187148279
226	2353	0.00017006683489285753	0.0004699407006270396
480	374	2.7031447620029204e-05	4.595700664785863e-05
375	585	4.2281809779992204e-05	0.0002941637472530195
453	453	3.274129885527601e-05	4.4589338982006706e-05
323	936	6.765089564798753e-05	0.0006133337019971166
475	349	2.5224532672166288e-05	4.541088289916804e-05
245	1695	0.00012250883346510562	0.00024958855803576557
192	14851	0.001073379755628486	0.003769118002103367
291	1029	7.437261925403757e-05	0.00036672359797835255
28	2944	0.00021278230426033682	0.00013563835857788743
435	453	3.274129885527601e-05	4.671909296767496e-05
248	1404	0.00010147634347198129	0.00022192762599400006
317	990	7.155383193537142e-05	0.0006178228935235815
305	1047	7.567359801649887e-05	0.0005540937823462327
25	1600	0.00011564255666322654	6.325502259467238e-05
343	703	5.081044833390516e-05	0.0005198932292310995
427	490	3.5415532978113126e-05	5.008387844050242e-05
293	1002	7.242115111034562e-05	0.00039695778622829013
220	3376	0.000244005794559408	0.0006595009541394332
492	349	2.5224532672166288e-05	4.865332293130481e-05
259	1274	9.208038574309414e-05	0.0001961323189958509
282	1057	7.639636399564403e-05	0.00026445195688360124
262	1217	8.796061966196668e-05	0.0001897710707145183
213	4299	0.00031071709443450683	0.0010078512969766776
442	470	3.39700010198228e-05	4.296797603902162e-05
217	3485	0.0002518839437320903	0.0007827995744375639
268	1284	9.28031517222393e-05	0.0002043474723136309
227	2311	0.00016703121778044783	0.000442155708021583
234	1996	0.0001442640894373751	0.00034088498412444487
29	4565	0.00032994266947976823	0.00016278160932738464
32	6764	0.0004888789082937902	0.0002134750710675901
360	592	4.278774596539382e-05	0.0004223344602874404
349	689	4.979857596310193e-05	0.000491782363255579
250	1392	0.00010060902429700709	0.00020850607388178091
371	543	3.924619266758251e-05	0.0003314105017436676
448	468	3.3825447823993765e-05	4.511931198911078e-05
350	662	4.784710781940998e-05	0.0004842421108384315
319	983	7.10478957499698e-05	0.000617147992622949
310	1064	7.690230018104565e-05	0.0006490761506895526
289	1065	7.697457677896016e-05	0.00033992751670950685
417	504	3.642740534891636e-05	6.385245710645636e-05
419	506	3.6571958544745394e-05	6.034074276326672e-05
364	661	4.7774831221495463e-05	0.00038959733587234463
221	2898	0.00020945758075626908	0.0006262064147492279
306	1056	7.632408739772951e-05	0.0005675506374068754
295	1069	7.726368317061823e-05	0.0004268732474539984
225	2595	0.00018755777158817056	0.0004991255194546044
473	354	2.5585915661738872e-05	4.4768998116291985e-05
285	1019	7.36498532748924e-05	0.0003207440088776562
466	449	3.2452192463617946e-05	4.6280736114172205e-05
297	1187	8.579232172453119e-05	0.0004623301281668783
471	329	2.3779000713875957e-05	4.455189212983268e-05
255	1291	9.330908790764092e-05	0.00021335587001906667
353	741	5.355695905465679e-05	0.00046528285533887484
307	1001	7.23488745124311e-05	0.0005845698029392178
247	1405	0.0001015486200698958	0.00023067832646863522
214	3966	0.0002866489873289728	0.0009431225549439657
266	1149	8.304581100377956e-05	0.0002062612637281734
237	1757	0.00012698998253580566	0.0002886373350921009
31	5268	0.0003807531178136734	0.00018868125297472096
318	969	7.003602337916657e-05	0.0006176958314946399
451	406	2.9344298753293736e-05	4.344806755219924e-05
458	421	3.0428447722011484e-05	4.781562827255697e-05
308	1128	8.152800244757472e-05	0.0006065701144452883
222	2704	0.00019543592076085286	0.0005946311432399436
477	326	2.3562170920132406e-05	4.564742694629783e-05
433	492	3.556008617394216e-05	4.635520103777016e-05
279	1196	8.644281110576184e-05	0.00023891806321608674
230	2168	0.00015669566427867196	0.0003843097545892229
215	3765	0.00027212139114815494	0.0008836651005258724
320	909	6.569942750429558e-05	0.0006177785861794062
363	588	4.2498639573735754e-05	0.0003973971435702097
281	1239	8.955070481608605e-05	0.0002508956246889389
332	887	6.410934235017621e-05	0.0005715584510779125
261	1273	9.200810914517962e-05	0.00018877872913190675
292	1014	7.328847028531982e-05	0.0003818285433154023
439	504	3.642740534891636e-05	4.513188955777992e-05
423	490	3.5415532978113126e-05	5.440841815893503e-05
283	1059	7.654091719147306e-05	0.00028239943273987585
269	1169	8.449134296206989e-05	0.00020386780958120336
327	947	6.844593822504721e-05	0.000595027050799188
493	357	2.5802745455482422e-05	4.896890556336679e-05
374	681	4.92203631797858e-05	0.0003038912102763465
228	2386	0.0001724519626240366	0.0004196675869488333
479	345	2.4935426280508225e-05	4.594442907918949e-05
455	419	3.028389452618245e-05	4.746803001115537e-05
254	1372	9.916349233871676e-05	0.00021186700032785764
232	2012	0.00014542051500400738	0.00036588576039268804
484	335	2.4212660301363057e-05	4.7499616859744905e-05
389	555	4.011351184255671e-05	0.00017871753175809755
456	439	3.1729426484472786e-05	4.859257899170955e-05
235	1902	0.00013747008923341056	0.00032252559289425604
251	1441	0.0001041505775948184	0.0002059058044863536
274	1261	9.114078997020542e-05	0.00023821957937419957
304	1064	7.690230018104565e-05	0.0005465869748275918
384	529	3.823432029677927e-05	0.00021797784065114104
387	571	4.126993740918897e-05	0.0001932489113784513
286	1039	7.509538523318274e-05	0.0003290270524808662
244	1475	0.00010660798192391196	0.00025563022173136874
329	1127	8.14557258496602e-05	0.0005816406587084758
454	431	3.115121370115665e-05	4.616153506564879e-05
257	1305	9.432096027844414e-05	0.0002065441160963123
452	431	3.115121370115665e-05	4.368175306099513e-05
478	348	2.515225607425177e-05	4.5792211912909595e-05
271	1209	8.738240687865056e-05	0.0002064404940817086
346	664	4.7991661015239014e-05	0.000509036214785134
428	488	3.527097978228409e-05	4.9391397529116425e-05
441	447	3.230763926778891e-05	4.3356880179348e-05
301	1018	7.357757667697789e-05	0.0005398676946199389
265	1066	7.704685337687468e-05	0.0002045294182785833
206	6479	0.00046828007788815297	0.0015486828907228056
358	605	4.372734173828254e-05	0.00043707022539866763
347	830	5.998957626904877e-05	0.0005042840377319507
465	407	2.9416575351208253e-05	4.606234378546265e-05
402	533	3.852342668843734e-05	0.0001062014166692731
482	313	2.2622575147243692e-05	4.67043714952554e-05
393	536	3.874025648218089e-05	0.00015391199365805944
341	748	5.406289524005841e-05	0.000529253370078521
352	666	4.813621421106805e-05	0.00047134510051048207
24	366	2.6453234836713073e-05	1.3434701388555048e-05
339	906	6.548259771055203e-05	0.0005425950260443079
296	1108	8.008247048928438e-05	0.00044421328391432044
342	792	5.724306554829714e-05	0.000525981058320795
377	588	4.2498639573735754e-05	0.00027550106510560444
284	1071	7.740823636644726e-05	0.00030300134729300507
416	446	3.2235362669874396e-05	6.575381387924643e-05
330	883	6.382023595851814e-05	0.0005767605620648508
238	1788	0.00012923055707115565	0.0002754095918789198
351	654	4.7268895036093846e-05	0.0004781985890929113
252	1459	0.00010545155635727971	0.0002062774144697599
241	1576	0.00011390791831327814	0.0002552796220047166
294	1126	8.138344925174568e-05	0.0004114430004545515
447	481	3.476504359688248e-05	4.5004684601921605e-05
443	492	3.556008617394216e-05	4.3095038067963244e-05
438	532	3.845115009052282e-05	4.59687266550276e-05
302	1087	7.856466193307953e-05	0.0005449969128793629
229	2244	0.00016218868572017524	0.00039947601557353466
367	608	4.394417153202608e-05	0.00036457326251668025
348	693	5.008768235475999e-05	0.0004983378492166997
460	406	2.9344298753293736e-05	4.585810122150587e-05
397	573	4.1414490605018e-05	0.00013047155053937272
288	1158	8.369630038501021e-05	0.0003338292539548926
240	1680	0.00012142468449638787	0.0002583132458115623
499	338	2.4429490095106607e-05	5.020307948902583e-05
406	546	3.946302246132606e-05	9.243912678765371e-05
472	337	2.435721349719209e-05	4.4231164128769695e-05
287	1093	7.899832152056663e-05	0.00033166562628996767
481	335	2.4212660301363057e-05	4.604362035937564e-05
410	496	3.584919256560023e-05	7.90141444294339e-05
488	359	2.5947298651311456e-05	4.8897299178102725e-05
357	581	4.199270338833414e-05	0.0004437880763371536
337	838	6.05677890523649e-05	0.0005556039481480293
436	487	3.5198703184369576e-05	4.669636758792049e-05
273	1210	8.745468347656508e-05	0.0002266936669581027
326	906	6.548259771055203e-05	0.0006027298111206175
366	532	3.845115009052282e-05	0.00037312172140419237
487	344	2.4863149682593708e-05	4.841520668809138e-05
260	1315	9.504372625758931e-05	0.00019130624872673645
355	631	4.560653328405997e-05	0.0004551298988845476
272	1151	8.319036419960859e-05	0.00021386440398866655
449	452	3.2669022257361497e-05	4.485789865847611e-05
335	910	6.57717041022101e-05	0.0005642573153923953
411	527	3.808976710095024e-05	7.610086508644511e-05
404	524	3.787293730720669e-05	9.941281690702324e-05
390	535	3.866797988426637e-05	0.00017178857776365346
459	408	2.948885194912277e-05	4.688646038712449e-05
256	1521	0.00010993270542797973	0.00021059366442702422
422	513	3.707789473014701e-05	5.535488020128757e-05
401	563	4.069172462587284e-05	0.00011038260069026088
430	462	3.3391788236506664e-05	4.774116334895901e-05
276	1077	7.784189595393436e-05	0.0002437001119948592
309	1033	7.466172564569564e-05	0.0006289703354642707
334	841	6.078461884610845e-05	0.0005669637794869268
490	340	2.457404329093564e-05	4.889758503193611e-05
403	484	3.4981873390626026e-05	0.00010263896327065682
467	405	2.927202215537922e-05	4.6429665961368115e-05
444	444	3.209080947404536e-05	4.351324222621204e-05
233	2121	0.00015329866417668967	0.00035544523498197097
278	1033	7.466172564569564e-05	0.0002383193423620525
385	541	3.9101639471753474e-05	0.00020974224878427368
434	510	3.686106493640346e-05	4.6418231808032535e-05
391	573	4.1414490605018e-05	0.00016543018802065476
338	904	6.533804451472299e-05	0.0005493024433178751
432	490	3.5415532978113126e-05	4.643209571895193e-05
392	505	3.649968194683088e-05	0.0001595134424502428
298	1102	7.964881090179728e-05	0.00048220983300994904
494	353	2.5513639063824355e-05	4.9172004711990004e-05
253	1374	9.93080455345458e-05	0.00020873318475240886
412	547	3.9535299059240574e-05	7.348501665709807e-05
395	533	3.852342668843734e-05	0.00014234434658228772
378	622	4.495604390282932e-05	0.0002670034882004356
325	843	6.0929172041937485e-05	0.00060681652044967
380	604	4.365506514036802e-05	0.0002499814641297594
424	549	3.967985225506961e-05	5.317338667177582e-05
399	603	4.3582788542453506e-05	0.000120085194430083
409	513	3.707789473014701e-05	8.23266186507511e-05
267	1216	8.788834306405217e-05	0.00020552690523019585
437	492	3.556008617394216e-05	4.638993227852698e-05
331	969	7.003602337916657e-05	0.0005735362737511342
500	385	2.7826490197088888e-05	5.0321565902965765e-05
361	556	4.0185788440471225e-05	0.0004137378350290021
333	823	5.948364008364715e-05	0.0005704497669851115
486	324	2.3417617724303376e-05	4.823111681938856e-05
299	1006	7.271025750200369e-05	0.0005045706061999237
398	547	3.9535299059240574e-05	0.0001251047877444021
431	484	3.4981873390626026e-05	4.687416867228875e-05
345	763	5.514704420877616e-05	0.0005142794887240804
316	971	7.01805765749956e-05	0.00062022549499322
407	531	3.8378873492608306e-05	8.888424851562225e-05
405	498	3.599374576142926e-05	9.588709572599751e-05
376	640	4.625702266529062e-05	0.0002847837395641774
457	428	3.09343839074131e-05	4.840834619609003e-05
386	486	3.512642658645506e-05	0.00020158483794083837
369	583	4.213725658416317e-05	0.0003485621605277859
280	1023	7.393895966655047e-05	0.00024260529181297752
277	1149	8.304581100377956e-05	0.00024009549515581797
324	935	6.757861905007301e-05	0.00061009211952648
496	351	2.5369085867995322e-05	4.951860248497474e-05
464	473	3.418683081356635e-05	4.57594816489865e-05
476	327	2.3634447518046923e-05	4.561984205137575e-05
426	467	3.375317122607925e-05	5.101090242218447e-05
498	353	2.5513639063824355e-05	4.99077924791345e-05
418	479	3.462049040105345e-05	6.21220409260332e-05
388	545	3.939074586341154e-05	0.00018602567086253277
483	361	2.609185184714049e-05	4.706611952140977e-05
400	484	3.4981873390626026e-05	0.00011504173232067587
420	469	3.389772442190828e-05	5.8395936207801454e-05
394	507	3.664423514265991e-05	0.00014843246152581666
425	506	3.6571958544745394e-05	5.210072016198183e-05
382	564	4.076400122378736e-05	0.00023383286644700473
365	597	4.3149128954966405e-05	0.00038125197613345574
445	508	3.671651174057443e-05	4.390386148953875e-05
468	428	3.09343839074131e-05	4.636820738718938e-05
485	307	2.218891555975659e-05	4.784607170581295e-05
373	626	4.5245150294487384e-05	0.000312935339710956
497	316	2.2839404940987242e-05	4.9624082549495456e-05
415	504	3.642740534891636e-05	6.781482001798452e-05
495	344	2.4863149682593708e-05	4.9466577087297854e-05
450	431	3.115121370115665e-05	4.388685318645208e-05
491	376	2.7176000815858237e-05	4.886785623326361e-05
469	434	3.13680434949002e-05	4.5747761641817534e-05
489	366	2.6453234836713073e-05	4.9145134451651396e-05
362	543	3.924619266758251e-05	0.00040577237503468787
682	105	7.589042781024242e-06	1.0549435721238424e-05
577	160	1.1564255666322655e-05	2.6051146179032737e-05
675	81	5.854404431075844e-06	1.0538001567902846e-05
550	150	1.0841489687177489e-05	3.95534519991844e-05
547	137	9.901893914288773e-06	4.066828194940333e-05
511	161	1.1636532264237171e-05	4.7519483701165476e-05
635	126	9.10685133722909e-06	1.1616956862031402e-05
570	137	9.901893914288773e-06	2.947267363778801e-05
551	169	1.2214745047553304e-05	3.919427665753052e-05
685	85	6.14351082273391e-06	1.0263296034015564e-05
559	139	1.0046447110117806e-05	3.5337250883606395e-05
585	137	9.901893914288773e-06	2.2169108194687026e-05
619	109	7.878149172682309e-06	1.289057861669819e-05
655	107	7.733595976853275e-06	1.0638193336505854e-05
526	130	9.395957728887157e-06	4.5876681720676186e-05
609	135	9.75734071845974e-06	1.4491931791346007e-05
648	122	8.817744945571023e-06	1.0904466182308147e-05
698	92	6.649447008135526e-06	1.0044046143805838e-05
663	91	6.57717041022101e-06	1.0413369296545035e-05
603	125	9.034574739314573e-06	1.5742399385508246e-05
548	171	1.2359298243382337e-05	4.043945595577506e-05
537	169	1.2214745047553304e-05	4.392887369996033e-05
615	132	9.540510924716189e-06	1.3310783751780713e-05
503	200	1.4455319582903318e-05	4.66553475628291e-05
664	109	7.878149172682309e-06	1.0464394205805057e-05
540	145	1.0480106697604905e-05	4.307359903045903e-05
680	110	7.950425770596824e-06	1.1211759053201827e-05
529	154	1.1130596078835554e-05	4.572060552764553e-05
650	125	9.034574739314573e-06	1.0699366056851201e-05
558	174	1.2576128037125886e-05	3.5835922895954325e-05
628	122	8.817744945571023e-06	1.2131350835215755e-05
582	131	9.468234326801672e-06	2.3553212455958845e-05
566	149	1.0769213089262972e-05	3.1635443741212745e-05
513	175	1.2648404635040402e-05	4.7515195893664633e-05
590	133	9.612787522630706e-06	1.996103025867006e-05
614	109	7.878149172682309e-06	1.3590634654669005e-05
593	167	1.207019185172427e-05	1.8843198843200534e-05
545	175	1.2648404635040402e-05	4.1414217527633154e-05
536	143	1.0335553501775872e-05	4.414540797875286e-05
618	141	1.019100030594684e-05	1.2962613782712337e-05
647	98	7.0831065956226254e-06	1.0796699287120317e-05
508	164	1.185336205798072e-05	4.77821833740504e-05
649	109	7.878149172682309e-06	1.0776117811116273e-05
516	140	1.0118723708032323e-05	4.700594728948129e-05
623	135	9.75734071845974e-06	1.2316584119252133e-05
580	132	9.540510924716189e-06	2.447694911855692e-05
542	164	1.185336205798072e-05	4.2347101512899696e-05
596	132	9.540510924716189e-06	1.78395660341701e-05
525	163	1.1781085460066203e-05	4.61315204131429e-05
568	140	1.0118723708032323e-05	3.0655536800353636e-05
557	156	1.1275149274664588e-05	3.627813877620784e-05
657	98	7.0831065956226254e-06	1.0552151332655623e-05
541	168	1.2142468449638787e-05	4.2760589082897565e-05
597	115	8.311808760169408e-06	1.7460666778012356e-05
689	84	6.0712342248193935e-06	1.0258579445764637e-05
515	163	1.1781085460066203e-05	4.699194045164521e-05
630	114	8.239532162254891e-06	1.1911672164255948e-05
686	92	6.649447008135526e-06	1.0288165317520448e-05
613	136	9.829617316374256e-06	1.370368984577454e-05
676	109	7.878149172682309e-06	1.0591456234746675e-05
555	139	1.0046447110117806e-05	3.711926368095636e-05
530	160	1.1564255666322655e-05	4.5530798582274926e-05
644	123	8.89002154348554e-06	1.1055968714004566e-05
642	114	8.239532162254891e-06	1.1152587309690208e-05
641	129	9.32368113097264e-06	1.1265356646962354e-05
634	136	9.829617316374256e-06	1.1803476488318032e-05
683	77	5.565298039417777e-06	1.0506843500063393e-05
522	179	1.293751102669847e-05	4.651199186538428e-05
645	116	8.384085358083924e-06	1.0918044239394147e-05
532	162	1.1708808862151688e-05	4.5111879789442655e-05
549	153	1.1058319480921037e-05	3.995021711992898e-05
625	126	9.10685133722909e-06	1.2027585893695378e-05
687	107	7.733595976853275e-06	1.0177254030165333e-05
684	81	5.854404431075844e-06	1.0536572298735898e-05
562	166	1.1997915253809753e-05	3.370030890670159e-05
638	144	1.0407830099690388e-05	1.1446587977331278e-05
621	124	8.962298141400057e-06	1.2496814961204195e-05
627	108	7.805872574767792e-06	1.1872653115998284e-05
643	107	7.733595976853275e-06	1.1168023416693239e-05
505	171	1.2359298243382337e-05	4.706040244474199e-05
571	152	1.098604288300652e-05	2.902516946161679e-05
528	150	1.0841489687177489e-05	4.565285816913223e-05
556	151	1.0913766285092006e-05	3.6688910734788506e-05
633	129	9.32368113097264e-06	1.1834348702324096e-05
564	143	1.0335553501775872e-05	3.283331423003132e-05
544	152	1.098604288300652e-05	4.195619639573959e-05
604	137	9.901893914288773e-06	1.5447827010200396e-05
502	172	1.2431574841296854e-05	4.6443244018454114e-05
659	109	7.878149172682309e-06	1.0625329914003328e-05
617	109	7.878149172682309e-06	1.2976906474381811e-05
579	157	1.1347425872579104e-05	2.4971190396487315e-05
688	95	6.866276801879076e-06	1.0163533046162639e-05
607	125	9.034574739314573e-06	1.477364074415133e-05
507	172	1.2431574841296854e-05	4.714787371775916e-05
674	105	7.589042781024242e-06	1.0565872316658319e-05
583	144	1.0407830099690388e-05	2.306740386611344e-05
592	145	1.0480106697604905e-05	1.9137199510841604e-05
520	157	1.1347425872579104e-05	4.6829861328113374e-05
563	155	1.1202872676750071e-05	3.319935006368654e-05
565	160	1.1564255666322655e-05	3.2250887044500276e-05
501	148	1.0696936491348455e-05	4.6310750766678096e-05
574	147	1.0624659893433939e-05	2.7549877827493733e-05
611	132	9.540510924716189e-06	1.3928085104985275e-05
690	91	6.57717041022101e-06	1.020012233683649e-05
631	115	8.311808760169408e-06	1.1889661419084959e-05
569	166	1.1997915253809753e-05	3.031208341953619e-05
561	142	1.0263276903861355e-05	3.4122086237867755e-05
605	131	9.468234326801672e-06	1.5260592749330294e-05
679	101	7.299936389366176e-06	1.0932479857980314e-05
531	157	1.1347425872579104e-05	4.5414456072085414e-05
510	141	1.019100030594684e-05	4.793511517491376e-05
673	112	8.094978966425857e-06	1.059974599591497e-05
595	124	8.962298141400057e-06	1.8117701814058057e-05
624	136	9.829617316374256e-06	1.2320871926752974e-05
514	157	1.1347425872579104e-05	4.7461598299904105e-05
527	153	1.1058319480921037e-05	4.583694803783505e-05
586	123	8.89002154348554e-06	2.1553807818316192e-05
524	151	1.0913766285092006e-05	4.6357059087687193e-05
584	146	1.0552383295519422e-05	2.2657775322866327e-05
610	133	9.612787522630706e-06	1.4168345251949126e-05
578	166	1.1997915253809753e-05	2.5475150704752953e-05
573	157	1.1347425872579104e-05	2.816860844986524e-05
575	142	1.0263276903861355e-05	2.6885410591779907e-05
521	142	1.0263276903861355e-05	4.664305584799336e-05
632	105	7.589042781024242e-06	1.1803476488318032e-05
670	94	6.794000203964559e-06	1.0565157682074845e-05
543	160	1.1564255666322655e-05	4.2239763398461944e-05
667	104	7.516766183109725e-06	1.0471254697806403e-05
636	121	8.745468347656506e-06	1.147531628758692e-05
695	83	5.998957626904877e-06	9.989876842378535e-06
662	119	8.600915151827475e-06	1.031846582385973e-05
539	145	1.0480106697604905e-05	4.3455070971117285e-05
694	94	6.794000203964559e-06	1.0092641295482049e-05
677	115	8.311808760169408e-06	1.0755393408195538e-05
517	161	1.1636532264237171e-05	4.6726096386592995e-05
518	162	1.1708808862151688e-05	4.713029370700571e-05
512	186	1.3443447212100085e-05	4.7469316353405625e-05
678	104	7.516766183109725e-06	1.0685787999765202e-05
640	129	9.32368113097264e-06	1.1256209324293891e-05
681	100	7.227659791451659e-06	1.0687503122765539e-05
601	127	9.179127935143607e-06	1.6118154249498706e-05
700	72	5.203915049845194e-06	1.0271157014433773e-05
576	120	8.673191749741991e-06	2.648978888636888e-05
602	122	8.817744945571023e-06	1.59689385484694e-05
588	131	9.468234326801672e-06	2.0769853680245567e-05
626	129	9.32368113097264e-06	1.2031016139696051e-05
656	115	8.311808760169408e-06	1.0611894783834023e-05
622	128	9.251404533058124e-06	1.2398481242518216e-05
506	171	1.2359298243382337e-05	4.701466583139967e-05
651	125	9.034574739314573e-06	1.0702224595185096e-05
534	166	1.1997915253809753e-05	4.486390158897729e-05
666	123	8.89002154348554e-06	1.031417801635889e-05
639	126	9.10685133722909e-06	1.135697280056368e-05
665	127	9.179127935143607e-06	1.0342477545864447e-05
599	155	1.1202872676750071e-05	1.681578052988571e-05
606	123	8.89002154348554e-06	1.494958377860255e-05
658	106	7.661319378938759e-06	1.0515276188148383e-05
552	172	1.2431574841296854e-05	3.87306217397728e-05
600	107	7.733595976853275e-06	1.6467324706983947e-05
699	64	4.625702266529062e-06	1.0096357395316112e-05
612	150	1.0841489687177489e-05	1.3815458694629823e-05
589	103	7.444489585195208e-06	2.030605583557115e-05
653	110	7.950425770596824e-06	1.0672495796512592e-05
629	148	1.0696936491348455e-05	1.2051454688783398e-05
535	127	9.179127935143607e-06	4.4387097394883656e-05
509	190	1.3732553603758152e-05	4.806632208443953e-05
616	107	7.733595976853275e-06	1.3210734910094398e-05
533	145	1.0480106697604905e-05	4.499239288708586e-05
519	184	1.3298894016271052e-05	4.69460609113862e-05
598	129	9.32368113097264e-06	1.71689529410384e-05
523	158	1.1419702470493621e-05	4.655658506339304e-05
581	133	9.612787522630706e-06	2.3914245847529748e-05
567	136	9.829617316374256e-06	3.120652006421184e-05
553	166	1.1997915253809753e-05	3.8398173731540846e-05
637	137	9.901893914288773e-06	1.1444301146664162e-05
660	95	6.866276801879076e-06	1.0488977635476551e-05
671	106	7.661319378938759e-06	1.0483260558808761e-05
572	135	9.75734071845974e-06	2.8568660889693806e-05
652	105	7.589042781024242e-06	1.0576305981577034e-05
691	104	7.516766183109725e-06	9.94356852136944e-06
608	137	9.901893914288773e-06	1.4645292372959457e-05
620	124	8.962298141400057e-06	1.2521255463958994e-05
654	141	1.019100030594684e-05	1.0674639700263011e-05
538	156	1.1275149274664588e-05	4.3573986165807304e-05
668	98	7.0831065956226254e-06	1.0490835685393582e-05
587	115	8.311808760169408e-06	2.104127189504887e-05
692	82	5.92668102899036e-06	1.0083208118980196e-05
554	149	1.0769213089262972e-05	3.7728846980659404e-05
661	99	7.155383193537142e-06	1.0446671268134908e-05
696	71	5.131638451930677e-06	9.947713401953588e-06
672	95	6.866276801879076e-06	1.0501412277228993e-05
591	154	1.1130596078835554e-05	1.9502377782996652e-05
504	175	1.2648404635040402e-05	4.697150190255786e-05
697	73	5.276191647759711e-06	9.975727077625756e-06
669	120	8.673191749741991e-06	1.0647483586091012e-05
546	161	1.1636532264237171e-05	4.113479540549495e-05
594	149	1.0769213089262972e-05	1.8484023501546664e-05
560	150	1.0841489687177489e-05	3.4660634859973515e-05
646	121	8.745468347656506e-06	1.0903179840057894e-05
693	77	5.565298039417777e-06	1.0155814992661121e-05
